{
  "iterations": [
    1,
    2,
    3,
    4,
    5
  ],
  "losses": [
    0.008056640625,
    0.0107421875,
    0.0052490234375,
    0.0147705078125,
    0.013671875
  ],
  "rewards": [
    6.46875,
    12.1875,
    7.0,
    15.9375,
    12.4375
  ],
  "kl_divs": [
    0.008056640625,
    0.0107421875,
    0.0052490234375,
    0.0147705078125,
    0.013671875
  ],
  "entropies": [
    0.0771484375,
    0.10498046875,
    0.04345703125,
    0.10888671875,
    0.095703125
  ],
  "grad_norms": [
    2.2848529739864953,
    3.441960615785856,
    1.7552420033164287,
    6.214598783075263,
    6.359462394976463
  ],
  "timestamps": [
    123.1143229007721,
    37.31643223762512,
    43.25559973716736,
    37.360249757766724,
    37.41620397567749
  ]
}