{
  "iterations": [
    1
  ],
  "losses": [
    0.0059814453125
  ],
  "rewards": [
    1.5
  ],
  "kl_divs": [
    0.0059814453125
  ],
  "entropies": [
    0.08544921875
  ],
  "grad_norms": [
    0.018036111888377827
  ],
  "timestamps": [
    135.1795461177826
  ]
}