{
  "iterations": [
    1,
    2,
    3,
    4,
    5
  ],
  "losses": [
    0.017333984375,
    0.0185546875,
    0.01165771484375,
    0.00927734375,
    0.01348876953125
  ],
  "rewards": [
    15.625,
    29.125,
    14.9375,
    21.25,
    18.875
  ],
  "kl_divs": [
    0.017333984375,
    0.0185546875,
    0.01165771484375,
    0.00927734375,
    0.01348876953125
  ],
  "entropies": [
    0.1533203125,
    0.15234375,
    0.08349609375,
    0.0556640625,
    0.076171875
  ],
  "grad_norms": [
    3.845223554485087,
    5.146653576866233,
    3.8347900984125385,
    3.007288571119877,
    6.207968393127653
  ],
  "timestamps": [
    90.93876051902771,
    47.77887511253357,
    41.2213077545166,
    41.062779664993286,
    41.22595191001892
  ]
}