{
  "iterations": [
    1,
    2
  ],
  "losses": [
    0.01251220703125,
    0.0
  ],
  "rewards": [
    -0.95703125,
    1.0
  ],
  "kl_divs": [
    0.01251220703125,
    0.0
  ],
  "entropies": [
    0.1513671875,
    0.0
  ],
  "grad_norms": [
    0.0,
    0.0
  ],
  "timestamps": [
    352.3543772697449,
    222.85089778900146
  ]
}