{
  "iterations": [
    1
  ],
  "losses": [
    0.01953125
  ],
  "rewards": [
    5.1875
  ],
  "kl_divs": [
    0.01953125
  ],
  "entropies": [
    0.154296875
  ],
  "grad_norms": [
    5.8298479297621935
  ],
  "timestamps": [
    71.1024124622345
  ]
}