{
  "iterations": [
    1,
    2,
    3,
    4,
    5
  ],
  "losses": [
    0.048095703125,
    0.0262451171875,
    0.036865234375,
    0.0291748046875,
    0.06298828125
  ],
  "rewards": [
    100.0,
    90.5,
    124.0,
    99.5,
    179.0
  ],
  "kl_divs": [
    0.048095703125,
    0.0262451171875,
    0.036865234375,
    0.0291748046875,
    0.06298828125
  ],
  "entropies": [
    0.23046875,
    0.032470703125,
    0.12890625,
    0.1025390625,
    0.1611328125
  ],
  "grad_norms": [
    7.233930379027583,
    1.8645493855545827,
    5.712632701581261,
    4.784907063273513,
    10.617810472291865
  ],
  "timestamps": [
    52.623029470443726,
    19.143022298812866,
    19.132707834243774,
    19.124857664108276,
    14.928089618682861
  ]
}