{
  "iterations": [
    1
  ],
  "losses": [
    0.0177001953125
  ],
  "rewards": [
    7.59375
  ],
  "kl_divs": [
    0.0177001953125
  ],
  "entropies": [
    0.095703125
  ],
  "grad_norms": [
    5.893795629121246
  ],
  "timestamps": [
    56.776716470718384
  ]
}