{
  "iterations": [
    1
  ],
  "losses": [
    0.00982666015625
  ],
  "rewards": [
    10.4375
  ],
  "kl_divs": [
    0.00982666015625
  ],
  "entropies": [
    0.07080078125
  ],
  "grad_norms": [
    4.257547617431565
  ],
  "timestamps": [
    51.43433856964111
  ]
}