{
  "iterations": [
    1
  ],
  "losses": [
    0.0002562821900937706
  ],
  "rewards": [
    -1.3633177280426025
  ],
  "kl_divs": [
    0.0002562821900937706
  ],
  "entropies": [
    0.09054559469223022
  ],
  "grad_norms": [
    0.0018081701603654074
  ],
  "timestamps": [
    257.85297298431396
  ]
}