{
  "iterations": [
    1,
    2
  ],
  "losses": [
    0.0054931640625,
    0.0
  ],
  "rewards": [
    6.34375,
    1.0
  ],
  "kl_divs": [
    0.0054931640625,
    0.0
  ],
  "entropies": [
    0.044921875,
    0.0
  ],
  "grad_norms": [
    1.632832344537104,
    0.0
  ],
  "timestamps": [
    81.82646346092224,
    38.37741994857788
  ]
}