{
  "iterations": [
    1,
    2
  ],
  "losses": [
    0.01361083984375,
    0.0
  ],
  "rewards": [
    27.875,
    1.0
  ],
  "kl_divs": [
    0.01361083984375,
    0.0
  ],
  "entropies": [
    0.1376953125,
    0.0
  ],
  "grad_norms": [
    3.5023696073570396,
    0.0
  ],
  "timestamps": [
    99.07502293586731,
    38.237322092056274
  ]
}