{
  "iterations": [
    1,
    2,
    3,
    4,
    5
  ],
  "losses": [
    0.016357421875,
    0.020263671875,
    0.01904296875,
    0.0198974609375,
    0.0157470703125
  ],
  "rewards": [
    4.5,
    4.5625,
    9.875,
    6.8125,
    6.8125
  ],
  "kl_divs": [
    0.016357421875,
    0.020263671875,
    0.01904296875,
    0.0198974609375,
    0.0157470703125
  ],
  "entropies": [
    0.177734375,
    0.173828125,
    0.1611328125,
    0.11279296875,
    0.0703125
  ],
  "grad_norms": [
    4.795872359595971,
    6.765258781864256,
    6.8392571048435755,
    9.59206033066675,
    6.7407122617284
  ],
  "timestamps": [
    51.17509984970093,
    8.252823829650879,
    16.076252460479736,
    5.881831407546997,
    7.812180995941162
  ]
}