{
  "iterations": [
    1
  ],
  "losses": [
    0.038818359375
  ],
  "rewards": [
    17.5
  ],
  "kl_divs": [
    0.038818359375
  ],
  "entropies": [
    0.267578125
  ],
  "grad_norms": [
    7.766205061435198
  ],
  "timestamps": [
    107.11186480522156
  ]
}