{
  "iterations": [
    1
  ],
  "losses": [
    0.01251220703125
  ],
  "rewards": [
    -0.95703125
  ],
  "kl_divs": [
    0.01251220703125
  ],
  "entropies": [
    0.1513671875
  ],
  "grad_norms": [
    0.04069866881983247
  ],
  "timestamps": [
    362.9999477863312
  ]
}