{
  "iterations": [
    1
  ],
  "losses": [
    0.00029276779969222844
  ],
  "rewards": [
    -1.7921371459960938
  ],
  "kl_divs": [
    0.00029276779969222844
  ],
  "entropies": [
    0.09054559469223022
  ],
  "grad_norms": [
    0.0019993065015144356
  ],
  "timestamps": [
    285.11160922050476
  ]
}