{
  "iterations": [
    1,
    2,
    3,
    4,
    5
  ],
  "losses": [
    0.0191650390625,
    0.076171875,
    0.95703125,
    0.8046875,
    0.7109375
  ],
  "rewards": [
    17.0,
    -67.0,
    -74.5,
    -69.5,
    -61.25
  ],
  "kl_divs": [
    0.0191650390625,
    0.076171875,
    0.95703125,
    0.8046875,
    0.7109375
  ],
  "entropies": [
    0.193359375,
    0.302734375,
    0.369140625,
    0.474609375,
    0.333984375
  ],
  "grad_norms": [
    5.262278218602844,
    4.592068298144867,
    16.31652014272353,
    17.070917824703486,
    13.96011100055982
  ],
  "timestamps": [
    61.777355670928955,
    18.609243631362915,
    1.6338365077972412,
    1.7351033687591553,
    1.7072627544403076
  ]
}