{
  "iterations": [
    1,
    2
  ],
  "losses": [
    0.00970458984375,
    0.0
  ],
  "rewards": [
    8.5,
    1.0
  ],
  "kl_divs": [
    0.00970458984375,
    0.0
  ],
  "entropies": [
    0.07080078125,
    0.0
  ],
  "grad_norms": [
    4.297596340337878,
    0.0
  ],
  "timestamps": [
    57.912039041519165,
    17.956294536590576
  ]
}