{
  "iterations": [
    1,
    2,
    3
  ],
  "losses": [
    0.01476287841796875,
    NaN,
    NaN
  ],
  "rewards": [
    -0.01476287841796875,
    NaN,
    NaN
  ],
  "kl_divs": [
    0.01476287841796875,
    NaN,
    NaN
  ],
  "entropies": [
    0.2166748046875,
    NaN,
    NaN
  ],
  "grad_norms": [
    0.14845825742032476,
    NaN,
    NaN
  ],
  "timestamps": [
    89.85973644256592,
    46.81397581100464,
    46.871421337127686
  ]
}