{
  "iterations": [
    1,
    2,
    3,
    4,
    5
  ],
  "losses": [
    0.038818359375,
    0.035400390625,
    0.041259765625,
    0.0322265625,
    0.033935546875
  ],
  "rewards": [
    17.5,
    17.0,
    22.875,
    12.625,
    29.625
  ],
  "kl_divs": [
    0.038818359375,
    0.035400390625,
    0.041259765625,
    0.0322265625,
    0.033935546875
  ],
  "entropies": [
    0.267578125,
    0.240234375,
    0.259765625,
    0.134765625,
    0.2021484375
  ],
  "grad_norms": [
    7.766205061435198,
    8.74467646376468,
    9.950168825160063,
    12.236372100200988,
    11.952377177313751
  ],
  "timestamps": [
    102.32133388519287,
    6.5632641315460205,
    8.40195894241333,
    6.547008037567139,
    11.278144836425781
  ]
}