{
  "iterations": [
    1,
    2,
    3,
    4
  ],
  "losses": [
    0.017578125,
    0.271484375,
    0.318359375,
    0.291015625
  ],
  "rewards": [
    40.5,
    -215.0,
    -193.0,
    -184.0
  ],
  "kl_divs": [
    0.017578125,
    0.271484375,
    0.318359375,
    0.291015625
  ],
  "entropies": [
    0.11279296875,
    0.359375,
    0.435546875,
    0.43359375
  ],
  "grad_norms": [
    3.6757720351978582,
    7.165741034564421,
    8.442559064764621,
    9.158853640971248
  ],
  "timestamps": [
    161.31282925605774,
    69.63861393928528,
    57.45333123207092,
    59.2329306602478
  ]
}