{
  "iterations": [
    1,
    2,
    3,
    4,
    5
  ],
  "losses": [
    0.0213623046875,
    0.016357421875,
    0.0230712890625,
    0.01483154296875,
    0.005126953125
  ],
  "rewards": [
    12.6875,
    13.875,
    10.375,
    16.75,
    7.46875
  ],
  "kl_divs": [
    0.0213623046875,
    0.016357421875,
    0.0230712890625,
    0.01483154296875,
    0.005126953125
  ],
  "entropies": [
    0.201171875,
    0.1435546875,
    0.1826171875,
    0.11083984375,
    0.02001953125
  ],
  "grad_norms": [
    5.016588382645285,
    4.129074833947974,
    6.832741036838151,
    5.294090335429963,
    2.003049955389607
  ],
  "timestamps": [
    68.20887875556946,
    19.067169189453125,
    19.09445810317993,
    19.0862295627594,
    19.06398034095764
  ]
}