{
  "iterations": [
    1
  ],
  "losses": [
    0.0093994140625
  ],
  "rewards": [
    15.4375
  ],
  "kl_divs": [
    0.0093994140625
  ],
  "entropies": [
    0.083984375
  ],
  "grad_norms": [
    2.6895769121642226
  ],
  "timestamps": [
    132.71447920799255
  ]
}