{
  "iterations": [
    1,
    2
  ],
  "losses": [
    0.006378173828125,
    0.0
  ],
  "rewards": [
    12.8125,
    1.0
  ],
  "kl_divs": [
    0.006378173828125,
    0.0
  ],
  "entropies": [
    0.068359375,
    0.0
  ],
  "grad_norms": [
    1.6404572598754137,
    0.0
  ],
  "timestamps": [
    207.74641489982605,
    32.495872020721436
  ]
}