{
  "iterations": [
    1,
    2
  ],
  "losses": [
    0.02587890625,
    0.036865234375
  ],
  "rewards": [
    17.0,
    20.625
  ],
  "kl_divs": [
    0.02587890625,
    0.036865234375
  ],
  "entropies": [
    0.154296875,
    0.1806640625
  ],
  "grad_norms": [
    5.693730297354191,
    8.38950150246951
  ],
  "timestamps": [
    155.71073269844055,
    7.254903078079224
  ]
}