{
  "iterations": [
    1,
    2,
    3,
    4,
    5
  ],
  "losses": [
    0.00799560546875,
    0.01519775390625,
    0.007110595703125,
    0.02099609375,
    0.0113525390625
  ],
  "rewards": [
    11.5625,
    19.5,
    5.65625,
    35.25,
    14.875
  ],
  "kl_divs": [
    0.00799560546875,
    0.01519775390625,
    0.007110595703125,
    0.02099609375,
    0.0113525390625
  ],
  "entropies": [
    0.07275390625,
    0.130859375,
    0.062255859375,
    0.1591796875,
    0.07373046875
  ],
  "grad_norms": [
    2.329098592381163,
    4.6129227802860395,
    2.686888616794391,
    9.966023160988573,
    4.966015646755733
  ],
  "timestamps": [
    212.0145878791809,
    41.04780697822571,
    41.34443998336792,
    41.46463227272034,
    41.09220886230469
  ]
}