{
  "iterations": [
    1,
    2,
    3,
    4,
    5
  ],
  "losses": [
    0.006805419921875,
    0.013427734375,
    0.0079345703125,
    0.007232666015625,
    0.0120849609375
  ],
  "rewards": [
    8.9375,
    24.75,
    21.125,
    16.5,
    30.875
  ],
  "kl_divs": [
    0.006805419921875,
    0.013427734375,
    0.0079345703125,
    0.007232666015625,
    0.0120849609375
  ],
  "entropies": [
    0.056396484375,
    0.08203125,
    0.05517578125,
    0.042724609375,
    0.083984375
  ],
  "grad_norms": [
    2.1346881142826986,
    4.078848988449104,
    2.731115599087802,
    3.062331671259138,
    4.4841226809512795
  ],
  "timestamps": [
    202.37342810630798,
    32.88043022155762,
    43.49109673500061,
    43.679357290267944,
    41.93666887283325
  ]
}