{
  "iterations": [
    1,
    2,
    3,
    4,
    5
  ],
  "losses": [
    0.0027008056640625,
    0.0034942626953125,
    0.01104736328125,
    0.00482177734375,
    0.0
  ],
  "rewards": [
    3.28125,
    3.890625,
    22.5,
    10.8125,
    1.0
  ],
  "kl_divs": [
    0.0027008056640625,
    0.0034942626953125,
    0.01104736328125,
    0.00482177734375,
    0.0
  ],
  "entropies": [
    0.02001953125,
    0.036376953125,
    0.078125,
    0.03662109375,
    0.0
  ],
  "grad_norms": [
    0.8065894924385719,
    1.0735043991215567,
    4.672305622720845,
    1.6959288179279308,
    0.0
  ],
  "timestamps": [
    77.95560002326965,
    40.65086126327515,
    64.48756408691406,
    44.8436164855957,
    38.26672339439392
  ]
}