{
  "iterations": [
    1,
    2,
    3,
    4,
    5
  ],
  "losses": [
    0.03271484375,
    0.0224609375,
    0.0252685546875,
    0.0291748046875,
    0.026123046875
  ],
  "rewards": [
    9.0625,
    19.0,
    34.5,
    35.25,
    24.875
  ],
  "kl_divs": [
    0.03271484375,
    0.0224609375,
    0.0252685546875,
    0.0291748046875,
    0.026123046875
  ],
  "entropies": [
    0.1572265625,
    0.08935546875,
    0.1337890625,
    0.1064453125,
    0.08935546875
  ],
  "grad_norms": [
    6.526768320038468,
    5.313605938681227,
    7.735555525362811,
    7.634219069278688,
    7.226335558454358
  ],
  "timestamps": [
    167.52613019943237,
    98.19694590568542,
    128.74921989440918,
    101.3079023361206,
    106.06574416160583
  ]
}