{
  "iterations": [
    1,
    2
  ],
  "losses": [
    0.00390625,
    0.004364013671875
  ],
  "rewards": [
    6.46875,
    6.59375
  ],
  "kl_divs": [
    0.00390625,
    0.004364013671875
  ],
  "entropies": [
    0.033447265625,
    0.033935546875
  ],
  "grad_norms": [
    1.0921766549994245,
    1.0796358958242263
  ],
  "timestamps": [
    139.14571690559387,
    41.1032350063324
  ]
}