{
  "iterations": [
    1,
    2,
    3,
    4,
    5
  ],
  "losses": [
    0.01495361328125,
    0.020263671875,
    0.0185546875,
    0.018310546875,
    0.01324462890625
  ],
  "rewards": [
    4.1875,
    3.171875,
    7.84375,
    7.375,
    3.609375
  ],
  "kl_divs": [
    0.01495361328125,
    0.020263671875,
    0.0185546875,
    0.018310546875,
    0.01324462890625
  ],
  "entropies": [
    0.177734375,
    0.173828125,
    0.1611328125,
    0.1123046875,
    0.07080078125
  ],
  "grad_norms": [
    4.3938240346013755,
    7.097533088565566,
    7.151047131778611,
    8.37617348469079,
    6.081295511008302
  ],
  "timestamps": [
    47.44697904586792,
    8.400946855545044,
    16.223538637161255,
    6.005205154418945,
    7.953185081481934
  ]
}