{
  "iterations": [
    1,
    2
  ],
  "losses": [
    0.00860595703125,
    0.00634765625
  ],
  "rewards": [
    3.765625,
    13.1875
  ],
  "kl_divs": [
    0.00860595703125,
    0.00634765625
  ],
  "entropies": [
    0.07568359375,
    0.05859375
  ],
  "grad_norms": [
    2.0842914521013958,
    1.6240080739218792
  ],
  "timestamps": [
    144.74970984458923,
    41.14057660102844
  ]
}