{
  "iterations": [
    1,
    2,
    3
  ],
  "losses": [
    0.0303955078125,
    0.0262451171875,
    0.0283203125
  ],
  "rewards": [
    54.5,
    50.75,
    60.75
  ],
  "kl_divs": [
    0.0303955078125,
    0.0262451171875,
    0.0283203125
  ],
  "entropies": [
    0.140625,
    0.1494140625,
    0.1435546875
  ],
  "grad_norms": [
    5.199420283808774,
    5.765641976030776,
    5.809904548313842
  ],
  "timestamps": [
    57.11956000328064,
    19.38207459449768,
    19.317049741744995
  ]
}