{
  "iterations": [
    1,
    2,
    3,
    4,
    5
  ],
  "losses": [
    0.0244140625,
    0.03857421875,
    0.03857421875,
    0.0252685546875,
    0.038818359375
  ],
  "rewards": [
    19.625,
    28.0,
    19.125,
    26.375,
    36.5
  ],
  "kl_divs": [
    0.0244140625,
    0.03857421875,
    0.03857421875,
    0.0252685546875,
    0.038818359375
  ],
  "entropies": [
    0.154296875,
    0.1806640625,
    0.1201171875,
    0.119140625,
    0.1552734375
  ],
  "grad_norms": [
    5.299233446916712,
    9.03228949771063,
    16.81858576706066,
    5.545148343060109,
    12.121188614000964
  ],
  "timestamps": [
    163.74765825271606,
    6.9461870193481445,
    7.362613916397095,
    8.598081111907959,
    10.417693138122559
  ]
}