{
  "iterations": [
    1,
    2,
    3,
    4,
    5
  ],
  "losses": [
    0.0037384033203125,
    0.00396728515625,
    0.003570556640625,
    0.00592041015625,
    0.00506591796875
  ],
  "rewards": [
    8.375,
    7.625,
    8.4375,
    5.15625,
    11.375
  ],
  "kl_divs": [
    0.0037384033203125,
    0.00396728515625,
    0.003570556640625,
    0.00592041015625,
    0.00506591796875
  ],
  "entropies": [
    0.033447265625,
    0.033935546875,
    0.0263671875,
    0.04541015625,
    0.037353515625
  ],
  "grad_norms": [
    0.9849287457482178,
    0.9409824692107491,
    1.233593473451399,
    1.98265148757775,
    1.6453691725780133
  ],
  "timestamps": [
    77.98191261291504,
    40.78707933425903,
    41.09174847602844,
    120.0124020576477,
    41.08726167678833
  ]
}