{
  "iterations": [
    1,
    2,
    3,
    4,
    5
  ],
  "losses": [
    0.007110595703125,
    0.03662109375,
    0.0252685546875,
    0.037109375,
    0.007354736328125
  ],
  "rewards": [
    15.125,
    22.0,
    18.75,
    23.25,
    18.75
  ],
  "kl_divs": [
    0.007110595703125,
    0.03662109375,
    0.0252685546875,
    0.037109375,
    0.007354736328125
  ],
  "entropies": [
    0.05224609375,
    0.251953125,
    0.1162109375,
    0.1787109375,
    0.04248046875
  ],
  "grad_norms": [
    2.0311618392788384,
    7.9051032991531285,
    6.6685395704652395,
    13.25623187081233,
    2.8327048421287984
  ],
  "timestamps": [
    204.70730328559875,
    7.0718629360198975,
    10.024895191192627,
    8.5869619846344,
    40.51341676712036
  ]
}