{
  "iterations": [
    1,
    2,
    3
  ],
  "losses": [
    0.04150390625,
    0.04638671875,
    0.037841796875
  ],
  "rewards": [
    27.5,
    23.25,
    20.0
  ],
  "kl_divs": [
    0.04150390625,
    0.04638671875,
    0.037841796875
  ],
  "entropies": [
    0.1728515625,
    0.11181640625,
    0.0888671875
  ],
  "grad_norms": [
    9.509048739683745,
    10.464921030090833,
    8.551006212558663
  ],
  "timestamps": [
    98.10921478271484,
    53.08928728103638,
    56.02292490005493
  ]
}