{
  "iterations": [
    1,
    2
  ],
  "losses": [
    0.00024934893008321524,
    0.0002668951347004622
  ],
  "rewards": [
    -1.9738037586212158,
    1.3195651769638062
  ],
  "kl_divs": [
    0.00024934893008321524,
    0.0002668951347004622
  ],
  "entropies": [
    0.09054559469223022,
    0.11242268234491348
  ],
  "grad_norms": [
    0.0019299488641546935,
    0.002244519950864464
  ],
  "timestamps": [
    390.1348731517792,
    114.04571104049683
  ]
}