{
  "iterations": [
    1,
    2
  ],
  "losses": [
    0.004425048828125,
    0.0
  ],
  "rewards": [
    7.53125,
    1.0
  ],
  "kl_divs": [
    0.004425048828125,
    0.0
  ],
  "entropies": [
    0.033447265625,
    0.0
  ],
  "grad_norms": [
    1.1399131768770328,
    0.0
  ],
  "timestamps": [
    75.45896434783936,
    43.161461353302
  ]
}