{
  "iterations": [
    1,
    2
  ],
  "losses": [
    0.00701904296875,
    0.0
  ],
  "rewards": [
    9.3125,
    1.0
  ],
  "kl_divs": [
    0.00701904296875,
    0.0
  ],
  "entropies": [
    0.07861328125,
    0.0
  ],
  "grad_norms": [
    1.8082440500966568,
    0.0
  ],
  "timestamps": [
    84.88166737556458,
    43.12664246559143
  ]
}