{
  "iterations": [
    1,
    2
  ],
  "losses": [
    0.005096435546875,
    0.0
  ],
  "rewards": [
    11.75,
    1.0
  ],
  "kl_divs": [
    0.005096435546875,
    0.0
  ],
  "entropies": [
    0.0272216796875,
    0.0
  ],
  "grad_norms": [
    0.26009983589684527,
    0.0
  ],
  "timestamps": [
    104.09774351119995,
    4.308077096939087
  ]
}