{
  "iterations": [
    1,
    2,
    3,
    4,
    5
  ],
  "losses": [
    0.006805419921875,
    0.012451171875,
    0.00653076171875,
    0.006591796875,
    0.011962890625
  ],
  "rewards": [
    8.9375,
    19.0,
    17.125,
    14.4375,
    23.0
  ],
  "kl_divs": [
    0.006805419921875,
    0.012451171875,
    0.00653076171875,
    0.006591796875,
    0.011962890625
  ],
  "entropies": [
    0.056396484375,
    0.08203125,
    0.054931640625,
    0.042724609375,
    0.083984375
  ],
  "grad_norms": [
    2.1346533941290455,
    4.0701173048206725,
    2.3262491973591057,
    2.7062373472192323,
    4.567003344075374
  ],
  "timestamps": [
    144.54567289352417,
    32.51724720001221,
    41.33273983001709,
    41.339741945266724,
    41.20786190032959
  ]
}