{
  "iterations": [
    1,
    2,
    3,
    4,
    5
  ],
  "losses": [
    0.0255126953125,
    0.0255126953125,
    0.0230712890625,
    0.031494140625,
    0.0026702880859375
  ],
  "rewards": [
    14.625,
    20.375,
    21.0,
    17.5,
    3.359375
  ],
  "kl_divs": [
    0.0255126953125,
    0.0255126953125,
    0.0230712890625,
    0.031494140625,
    0.0026702880859375
  ],
  "entropies": [
    0.130859375,
    0.1318359375,
    0.0966796875,
    0.10498046875,
    0.011962890625
  ],
  "grad_norms": [
    5.145638969882397,
    6.234002331686223,
    5.037026860236869,
    9.960861097395172,
    1.0187866332827549
  ],
  "timestamps": [
    164.04891872406006,
    10.377198934555054,
    7.503599166870117,
    8.422483921051025,
    42.21480917930603
  ]
}