{
  "iterations": [
    1,
    2,
    3,
    4,
    5
  ],
  "losses": [
    0.004669189453125,
    0.00579833984375,
    0.00970458984375,
    0.00738525390625,
    0.0062255859375
  ],
  "rewards": [
    9.4375,
    14.0625,
    16.875,
    14.625,
    6.625
  ],
  "kl_divs": [
    0.004669189453125,
    0.00579833984375,
    0.00970458984375,
    0.00738525390625,
    0.0062255859375
  ],
  "entropies": [
    0.044677734375,
    0.051025390625,
    0.07177734375,
    0.048095703125,
    0.031494140625
  ],
  "grad_norms": [
    1.5326321369728593,
    2.062750667823108,
    4.363463900768935,
    3.463726738789746,
    2.7731836138685835
  ],
  "timestamps": [
    209.08100199699402,
    41.98460793495178,
    42.796432971954346,
    42.443902015686035,
    41.76035976409912
  ]
}