{
  "iterations": [
    1
  ],
  "losses": [
    0.01806640625
  ],
  "rewards": [
    9.625
  ],
  "kl_divs": [
    0.01806640625
  ],
  "entropies": [
    0.1494140625
  ],
  "grad_norms": [
    5.898269141949279
  ],
  "timestamps": [
    71.13410663604736
  ]
}