{
  "iterations": [
    1,
    2,
    3,
    4,
    5
  ],
  "losses": [
    0.03759765625,
    0.03515625,
    0.005126953125,
    0.029541015625,
    0.037841796875
  ],
  "rewards": [
    13.8125,
    18.5,
    7.65625,
    20.75,
    13.6875
  ],
  "kl_divs": [
    0.03759765625,
    0.03515625,
    0.005126953125,
    0.029541015625,
    0.037841796875
  ],
  "entropies": [
    0.2041015625,
    0.185546875,
    0.036376953125,
    0.201171875,
    0.15625
  ],
  "grad_norms": [
    8.392728391292934,
    7.635630931419511,
    1.4147943487016061,
    8.688218672917305,
    10.184762991545297
  ],
  "timestamps": [
    151.7340066432953,
    7.9630491733551025,
    37.24032425880432,
    10.239889144897461,
    4.802983999252319
  ]
}