{
  "iterations": [
    1,
    2
  ],
  "losses": [
    0.004302978515625,
    0.0
  ],
  "rewards": [
    10.625,
    1.0
  ],
  "kl_divs": [
    0.004302978515625,
    0.0
  ],
  "entropies": [
    0.036865234375,
    0.0
  ],
  "grad_norms": [
    1.1588372807907679,
    0.0
  ],
  "timestamps": [
    81.60602951049805,
    36.93591284751892
  ]
}