{
  "iterations": [
    1
  ],
  "losses": [
    0.021484375
  ],
  "rewards": [
    11.6875
  ],
  "kl_divs": [
    0.021484375
  ],
  "entropies": [
    0.1806640625
  ],
  "grad_norms": [
    4.676200082633353
  ],
  "timestamps": [
    154.1391580104828
  ]
}