{
  "iterations": [
    1,
    2
  ],
  "losses": [
    0.0184326171875,
    0.0
  ],
  "rewards": [
    23.0,
    1.0
  ],
  "kl_divs": [
    0.0184326171875,
    0.0
  ],
  "entropies": [
    0.10595703125,
    0.0
  ],
  "grad_norms": [
    4.829098711886306,
    0.0
  ],
  "timestamps": [
    38.378742933273315,
    36.09818458557129
  ]
}