{
  "iterations": [
    1,
    2,
    3,
    4,
    5
  ],
  "losses": [
    0.004669189453125,
    0.005584716796875,
    0.00970458984375,
    0.00677490234375,
    0.0059814453125
  ],
  "rewards": [
    9.4375,
    13.3125,
    17.0,
    16.0,
    7.78125
  ],
  "kl_divs": [
    0.004669189453125,
    0.005584716796875,
    0.00970458984375,
    0.00677490234375,
    0.0059814453125
  ],
  "entropies": [
    0.044677734375,
    0.051025390625,
    0.07177734375,
    0.048095703125,
    0.031494140625
  ],
  "grad_norms": [
    1.5326320545975438,
    1.9430172961538503,
    4.247890149569551,
    3.1096932194880793,
    2.5720867025128595
  ],
  "timestamps": [
    223.10397505760193,
    41.56753706932068,
    41.82545709609985,
    41.40053701400757,
    41.551656007766724
  ]
}