{
  "iterations": [
    1,
    2,
    3,
    4,
    5
  ],
  "losses": [
    0.0164794921875,
    0.02001953125,
    0.012939453125,
    0.02001953125,
    0.01904296875
  ],
  "rewards": [
    7.09375,
    11.9375,
    3.21875,
    9.625,
    5.03125
  ],
  "kl_divs": [
    0.0164794921875,
    0.02001953125,
    0.012939453125,
    0.02001953125,
    0.01904296875
  ],
  "entropies": [
    0.07666015625,
    0.1494140625,
    0.052734375,
    0.142578125,
    0.080078125
  ],
  "grad_norms": [
    5.822857317436069,
    6.314848323197403,
    4.921225095069469,
    8.41492449457047,
    8.929335489681616
  ],
  "timestamps": [
    56.321648359298706,
    10.71541452407837,
    5.682599306106567,
    14.867027759552002,
    6.85385537147522
  ]
}