{
  "iterations": [
    1,
    2,
    3,
    4,
    5
  ],
  "losses": [
    0.01153564453125,
    0.003997802734375,
    0.00830078125,
    0.005126953125,
    0.01708984375
  ],
  "rewards": [
    15.75,
    8.0,
    12.1875,
    5.09375,
    23.875
  ],
  "kl_divs": [
    0.01153564453125,
    0.003997802734375,
    0.00830078125,
    0.005126953125,
    0.01708984375
  ],
  "entropies": [
    0.0966796875,
    0.042724609375,
    0.06201171875,
    0.03759765625,
    0.10400390625
  ],
  "grad_norms": [
    3.2892799960790153,
    1.445102057524881,
    3.242290059371457,
    2.225681945696165,
    7.711642596870958
  ],
  "timestamps": [
    173.33262610435486,
    41.001489877700806,
    41.31363916397095,
    41.649770975112915,
    41.412492990493774
  ]
}