{
  "iterations": [
    1,
    2,
    3,
    4,
    5
  ],
  "losses": [
    0.048095703125,
    0.0262451171875,
    0.03857421875,
    0.0301513671875,
    0.064453125
  ],
  "rewards": [
    100.0,
    91.5,
    124.5,
    99.0,
    181.0
  ],
  "kl_divs": [
    0.048095703125,
    0.0262451171875,
    0.03857421875,
    0.0301513671875,
    0.064453125
  ],
  "entropies": [
    0.23046875,
    0.03271484375,
    0.1298828125,
    0.10205078125,
    0.1611328125
  ],
  "grad_norms": [
    7.233887927775955,
    1.891733682475326,
    6.323298517149102,
    4.993648941103305,
    11.16408345553663
  ],
  "timestamps": [
    57.44662165641785,
    19.403088092803955,
    19.413339853286743,
    19.750319480895996,
    15.246415615081787
  ]
}