{
  "iterations": [
    1,
    2
  ],
  "losses": [
    0.0072021484375,
    0.00921630859375
  ],
  "rewards": [
    7.53125,
    14.5
  ],
  "kl_divs": [
    0.0072021484375,
    0.00921630859375
  ],
  "entropies": [
    0.07861328125,
    0.07568359375
  ],
  "grad_norms": [
    1.934624918923313,
    2.571029334496453
  ],
  "timestamps": [
    250.27497220039368,
    41.27090883255005
  ]
}