{
  "iterations": [
    1
  ],
  "losses": [
    0.01476287841796875
  ],
  "rewards": [
    -0.01476287841796875
  ],
  "kl_divs": [
    0.01476287841796875
  ],
  "entropies": [
    0.2166748046875
  ],
  "grad_norms": [
    0.14845825742032476
  ],
  "timestamps": [
    84.97168350219727
  ]
}