{
  "iterations": [
    1
  ],
  "losses": [
    0.005401611328125
  ],
  "rewards": [
    13.9375
  ],
  "kl_divs": [
    0.005401611328125
  ],
  "entropies": [
    0.050048828125
  ],
  "grad_norms": [
    1.13443975266602
  ],
  "timestamps": [
    157.03652048110962
  ]
}