{
  "iterations": [
    1
  ],
  "losses": [
    0.0228271484375
  ],
  "rewards": [
    13.75
  ],
  "kl_divs": [
    0.0228271484375
  ],
  "entropies": [
    0.154296875
  ],
  "grad_norms": [
    6.628343527873791
  ],
  "timestamps": [
    54.54807710647583
  ]
}