{
  "iterations": [
    1,
    2,
    3,
    4,
    5
  ],
  "losses": [
    0.0213623046875,
    0.0177001953125,
    0.021484375,
    0.0159912109375,
    0.00555419921875
  ],
  "rewards": [
    12.6875,
    15.0,
    9.5,
    18.625,
    8.1875
  ],
  "kl_divs": [
    0.0213623046875,
    0.0177001953125,
    0.021484375,
    0.0159912109375,
    0.00555419921875
  ],
  "entropies": [
    0.201171875,
    0.1435546875,
    0.18359375,
    0.11083984375,
    0.02001953125
  ],
  "grad_norms": [
    5.0166360883865435,
    4.435622793162076,
    6.459336491279414,
    5.637101110133565,
    2.1467118975842205
  ],
  "timestamps": [
    58.774415731430054,
    19.24728012084961,
    44.87373995780945,
    19.20659303665161,
    19.38085436820984
  ]
}