{
  "iterations": [
    1,
    2
  ],
  "losses": [
    0.0072021484375,
    0.009521484375
  ],
  "rewards": [
    7.53125,
    14.25
  ],
  "kl_divs": [
    0.0072021484375,
    0.009521484375
  ],
  "entropies": [
    0.07861328125,
    0.07568359375
  ],
  "grad_norms": [
    1.9343617587722106,
    2.6345941372877433
  ],
  "timestamps": [
    149.119323015213,
    41.29142904281616
  ]
}