{
  "iterations": [
    1,
    2,
    3
  ],
  "losses": [
    0.0281982421875,
    0.036865234375,
    0.022705078125
  ],
  "rewards": [
    52.0,
    63.25,
    59.5
  ],
  "kl_divs": [
    0.0281982421875,
    0.036865234375,
    0.022705078125
  ],
  "entropies": [
    0.11376953125,
    0.1669921875,
    0.1083984375
  ],
  "grad_norms": [
    6.574190999155279,
    8.517120539510962,
    6.604284277151902
  ],
  "timestamps": [
    61.35413122177124,
    15.234138011932373,
    19.080925941467285
  ]
}