{
  "iterations": [
    1,
    2,
    3
  ],
  "losses": [
    0.02013249881565571,
    0.014222831465303898,
    0.014651250094175339
  ],
  "rewards": [
    45.369083404541016,
    46.123626708984375,
    26.94274139404297
  ],
  "kl_divs": [
    0.02013249881565571,
    0.014222831465303898,
    0.014651250094175339
  ],
  "entropies": [
    0.19492781162261963,
    0.17617212235927582,
    0.11026249080896378
  ],
  "grad_norms": [
    0.07816350312852527,
    0.09226081829335082,
    0.08431646074533522
  ],
  "timestamps": [
    57.37081432342529,
    20.679955005645752,
    20.774946212768555
  ]
}